EDIT,2013-10-09 12:54:04.142106+00
EDIT,2014-03-04 21:15:34.855652+00
ADMIN,2014-03-12 20:21:45.259587+00
EDIT,2014-04-04 19:29:57.374644+00
ADMIN,2014-04-05 01:50:23.772497+00
EDIT,2014-04-09 15:01:02.031623+00
EDIT,2014-04-09 17:16:08.854323+00
ADMIN,2014-04-09 19:04:23.276782+00
EDIT,2014-04-12 01:28:03.700751+00
ADMIN,2014-04-12 01:29:44.110726+00
EDIT,2014-04-13 23:24:33.700904+00
EDIT,2014-04-22 18:57:23.791842+00
ADMIN,2014-04-22 18:59:20.275118+00
EDIT,2014-05-19 20:33:08.273408+00
EDIT,2014-05-23 15:39:49.42154+00
EDIT,2014-07-07 16:00:43.821132+00
READ,2014-07-08 09:13:11.316153+00
ADMIN,2014-07-14 21:18:37.657226+00
EDIT,2014-07-14 21:19:44.705603+00
ADMIN,2014-07-18 17:03:18.172641+00
ADMIN,2014-07-22 17:05:59.247738+00
ADMIN,2014-07-22 17:40:38.351632+00
ADMIN,2014-07-22 18:37:43.176619+00
ADMIN,2014-07-25 15:07:27.49366+00
EDIT,2014-07-25 15:07:37.131021+00
EDIT,2014-07-25 15:09:43.361988+00
READ,2014-07-25 15:44:47.974021+00
ADMIN,2014-07-29 16:12:33.898791+00
EDIT,2014-07-29 16:12:47.496693+00
EDIT,2014-07-31 14:01:13.222345+00
EDIT,2014-08-01 17:09:45.099517+00
ADMIN,2014-08-05 01:51:39.200346+00
EDIT,2014-08-05 01:52:07.375125+00
ADMIN,2014-08-05 18:52:58.436777+00
EDIT,2014-08-05 18:53:13.375653+00
EDIT,2014-08-06 20:30:38.567958+00
READ,2014-08-06 20:53:22.52149+00
EDIT,2014-08-07 17:54:28.338069+00
EDIT,2014-08-13 16:23:48.340327+00
ADMIN,2014-08-20 14:07:28.654036+00
EDIT,2014-08-21 19:28:39.33212+00
READ,2014-08-26 19:51:30.012962+00
EDIT,2014-08-28 14:00:59.844249+00
EDIT,2014-08-28 14:07:26.847875+00
EDIT,2014-08-29 13:53:10.723426+00
ADMIN,2014-08-29 13:54:52.646541+00
EDIT,2014-09-04 19:42:03.43129+00
ADMIN,2014-09-08 16:45:21.531904+00
EDIT,2014-09-08 16:45:41.514673+00
READ,2014-09-08 16:52:53.957921+00
EDIT,2014-09-12 14:14:48.518008+00
ADMIN,2014-09-12 14:15:03.815794+00
ADMIN,2014-09-13 18:47:41.687587+00
EDIT,2014-09-13 18:48:01.339734+00
ADMIN,2014-09-13 18:54:42.246695+00
EDIT,2014-09-18 20:16:24.198246+00
EDIT,2014-09-23 15:14:43.211217+00
ADMIN,2014-09-23 15:15:03.676128+00
ADMIN,2014-09-23 15:54:13.677489+00
EDIT,2014-09-24 19:18:32.148091+00
EDIT,2014-09-30 00:49:57.401358+00
EDIT,2014-09-30 15:11:28.993766+00
READ,2014-10-01 15:28:33.008787+00
READ,2014-10-02 18:49:19.32334+00
READ,2014-10-02 18:49:57.975369+00
EDIT,2014-10-04 16:09:27.349755+00
EDIT,2014-10-06 14:42:57.795246+00
ADMIN,2014-10-08 15:36:22.327004+00
EDIT,2014-10-08 15:36:41.050747+00
READ,2014-10-09 14:29:42.775707+00
EDIT,2014-10-09 16:03:30.60433+00
EDIT,2014-10-09 18:02:01.28805+00
READ,2014-10-09 18:25:50.077894+00
ADMIN,2014-10-10 12:43:48.052857+00
EDIT,2014-10-10 12:43:59.441845+00
EDIT,2014-10-10 14:07:04.508099+00
EDIT,2014-10-10 17:27:26.916864+00
EDIT,2014-10-10 17:28:49.533091+00
ADMIN,2014-10-10 22:18:18.295989+00
EDIT,2014-10-10 22:18:37.932009+00
EDIT,2014-10-13 19:22:37.446946+00
EDIT,2014-10-14 12:51:56.849311+00
EDIT,2014-10-14 18:05:06.610882+00
ADMIN,2014-10-14 18:07:01.836498+00
EDIT,2014-10-15 17:31:56.405085+00
ADMIN,2014-10-16 15:20:37.249622+00
EDIT,2014-10-16 15:21:00.59536+00
READ,2014-10-16 18:38:40.714624+00
READ,2014-10-22 16:58:09.436773+00
READ,2014-10-29 14:14:00.597747+00
EDIT,2014-10-31 18:16:38.37426+00
READ,2014-10-31 19:41:09.80344+00
ADMIN,2014-11-04 21:50:49.655903+00
EDIT,2014-11-04 21:51:02.839777+00
EDIT,2014-11-05 17:56:13.400325+00
EDIT,2014-11-05 19:52:13.60962+00
EDIT,2014-11-10 17:51:57.290707+00
ADMIN,2014-11-12 15:51:39.189825+00
EDIT,2014-11-12 15:51:51.048189+00
READ,2014-11-14 17:03:12.977386+00
READ,2014-11-17 23:13:05.921122+00
READ,2014-11-18 22:42:36.714778+00
READ,2014-11-25 11:01:14.859485+00
ADMIN,2014-12-11 18:38:47.5223+00
EDIT,2014-12-11 18:41:10.967049+00
ADMIN,2014-12-17 19:31:19.151218+00
EDIT,2014-12-17 19:34:21.102696+00
EDIT,2014-12-22 21:06:46.183872+00
READ,2015-01-08 00:30:34.59473+00
READ,2015-01-08 00:30:34.600266+00
EDIT,2015-01-08 19:56:54.29705+00
ADMIN,2015-01-08 19:57:20.558599+00
ADMIN,2015-01-08 20:00:17.346297+00
EDIT,2015-01-08 20:02:03.566429+00
ADMIN,2015-01-12 16:05:02.9146+00
EDIT,2015-01-12 16:05:59.732635+00
EDIT,2015-01-12 16:05:59.732881+00
READ,2015-01-14 21:31:18.330683+00
EDIT,2015-01-14 23:59:49.676878+00
READ,2015-01-15 17:28:31.932381+00
ADMIN,2015-01-16 04:47:48.202569+00
EDIT,2015-01-16 04:48:07.166539+00
EDIT,2015-01-16 20:00:00.337757+00
READ,2015-01-19 14:28:24.042382+00
EDIT,2015-01-21 21:57:20.184613+00
ADMIN,2015-01-23 21:16:46.926539+00
ADMIN,2015-01-23 21:17:34.803157+00
EDIT,2015-01-28 17:27:09.534205+00
READ,2015-02-03 03:13:01.064766+00
ADMIN,2015-02-05 22:18:02.143082+00
EDIT,2015-02-05 22:18:10.549202+00
EDIT,2015-02-10 14:56:39.54083+00
EDIT,2015-02-10 14:58:30.922648+00
ADMIN,2015-02-12 17:48:19.015271+00
EDIT,2015-02-12 17:48:26.838915+00
READ,2015-02-17 23:12:35.847983+00
READ,2015-02-23 18:23:33.119386+00
EDIT,2015-02-25 20:16:51.314755+00
ADMIN,2015-02-25 20:17:12.817944+00
READ,2015-02-25 20:29:46.295271+00
ADMIN,2015-02-26 13:26:14.556412+00
EDIT,2015-02-26 13:26:30.998999+00
ADMIN,2015-03-04 16:42:49.96846+00
EDIT,2015-03-04 16:43:02.143685+00
EDIT,2015-03-05 20:25:01.975157+00
EDIT,2015-03-16 20:13:45.859984+00
ADMIN,2015-03-16 20:14:30.968361+00
READ,2015-03-17 02:15:47.442619+00
READ,2015-03-17 04:56:26.033628+00
READ,2015-03-18 02:59:01.01268+00
READ,2015-03-18 11:16:49.366984+00
READ,2015-03-18 11:16:49.371532+00
READ,2015-03-18 18:13:26.174132+00
READ,2015-03-18 19:14:49.325512+00
READ,2015-03-18 19:17:05.431482+00
READ,2015-03-23 17:35:32.923786+00
READ,2015-03-25 22:47:57.500158+00
ADMIN,2015-03-30 17:12:04.85761+00
EDIT,2015-03-30 17:12:15.585842+00
EDIT,2015-03-30 17:12:22.855195+00
ADMIN,2015-03-31 21:05:29.87925+00
EDIT,2015-03-31 21:05:34.990271+00
ADMIN,2015-04-01 14:21:20.08067+00
EDIT,2015-04-01 14:21:25.718337+00
READ,2015-04-01 15:35:10.53236+00
ADMIN,2015-04-02 17:43:08.594422+00
EDIT,2015-04-02 17:43:15.586151+00
READ,2015-04-03 14:03:00.893723+00
READ,2015-04-07 16:10:03.421446+00
EDIT,2015-04-07 18:37:41.58092+00
EDIT,2015-04-07 18:37:49.337513+00
ADMIN,2015-04-09 14:20:18.121361+00
EDIT,2015-04-09 14:20:30.982392+00
READ,2015-04-14 01:38:36.944743+00
EDIT,2015-04-15 21:24:53.620569+00
ADMIN,2015-04-15 21:25:11.549365+00
READ,2015-04-17 19:48:19.173161+00
READ,2015-04-17 19:48:19.173297+00
ADMIN,2015-04-18 14:07:35.407218+00
EDIT,2015-04-18 14:07:58.46199+00
EDIT,2015-04-18 14:17:26.067894+00
ADMIN,2015-04-20 14:14:15.43389+00
ADMIN,2015-04-22 22:56:40.438658+00
EDIT,2015-04-22 22:56:51.324213+00
EDIT,2015-04-23 14:15:41.367321+00
EDIT,2015-04-24 16:30:13.276876+00
EDIT,2015-04-24 16:30:13.281773+00
EDIT,2015-04-24 16:30:13.282255+00
READ,2015-04-24 21:33:05.417441+00
ADMIN,2015-04-27 14:36:19.230391+00
EDIT,2015-04-27 14:36:32.776192+00
ADMIN,2015-04-27 17:54:37.48347+00
EDIT,2015-04-27 17:54:45.434865+00
ADMIN,2015-04-29 17:44:46.173127+00
EDIT,2015-04-29 17:45:01.892166+00
EDIT,2015-04-30 14:59:32.286286+00
EDIT,2015-04-30 17:56:12.291874+00
ADMIN,2015-05-01 15:32:37.010346+00
EDIT,2015-05-01 15:32:48.647387+00
EDIT,2015-05-01 16:09:32.87249+00
ADMIN,2015-05-01 16:10:28.022125+00
ADMIN,2015-05-01 20:47:12.81737+00
EDIT,2015-05-01 20:47:22.548694+00
EDIT,2015-05-01 22:26:20.234806+00
READ,2015-05-03 17:27:09.351677+00
READ,2015-05-03 17:27:09.354181+00
ADMIN,2015-05-04 15:33:50.674849+00
EDIT,2015-05-04 15:34:06.49932+00
READ,2015-05-05 19:25:56.623615+00
READ,2015-05-06 17:22:42.789661+00
EDIT,2015-05-06 21:18:30.14633+00
ADMIN,2015-05-07 15:15:46.499657+00
EDIT,2015-05-07 15:16:01.610167+00
ADMIN,2015-05-08 16:29:43.375092+00
EDIT,2015-05-08 16:29:52.185729+00
READ,2015-05-09 15:05:15.69031+00
EDIT,2015-05-12 15:38:08.61991+00
ADMIN,2015-05-12 15:38:56.054805+00
EDIT,2015-05-12 15:39:05.200135+00
READ,2015-05-14 16:56:10.732512+00
EDIT,2015-05-15 13:33:34.694375+00
ADMIN,2015-05-15 15:57:00.387662+00
EDIT,2015-05-15 15:58:14.528355+00
ADMIN,2015-05-15 16:59:15.696136+00
EDIT,2015-05-15 16:59:26.939926+00
ADMIN,2015-05-19 18:43:59.903993+00
EDIT,2015-05-19 18:45:05.76006+00
READ,2015-05-20 15:36:25.336725+00
ADMIN,2015-05-26 18:40:52.360452+00
EDIT,2015-05-26 18:41:20.073931+00
EDIT,2015-05-29 15:04:24.562466+00
ADMIN,2015-05-29 15:04:59.734895+00
EDIT,2015-05-29 15:06:50.748274+00
ADMIN,2015-05-29 15:07:09.8252+00
READ,2015-05-29 21:05:04.761675+00
ADMIN,2015-06-04 19:00:01.903428+00
EDIT,2015-06-04 19:00:45.470212+00
EDIT,2015-06-05 15:05:27.50246+00
ADMIN,2015-06-05 17:02:14.352936+00
EDIT,2015-06-05 17:02:30.072232+00
ADMIN,2015-06-08 14:58:50.166989+00
EDIT,2015-06-08 14:59:03.885416+00
READ,2015-06-11 10:55:07.166351+00
READ,2015-06-11 17:18:42.399343+00
EDIT,2015-06-12 14:01:31.182453+00
READ,2015-06-14 22:46:39.17649+00
READ,2015-06-15 13:55:08.772473+00
ADMIN,2015-06-15 17:22:25.889465+00
EDIT,2015-06-15 17:22:50.903736+00
ADMIN,2015-06-15 17:31:09.579339+00
EDIT,2015-06-15 17:31:18.763973+00
EDIT,2015-06-15 20:50:06.54932+00
READ,2015-06-16 19:48:43.446125+00
ADMIN,2015-06-19 18:19:29.327439+00
EDIT,2015-06-19 18:19:35.706288+00
READ,2015-06-22 16:30:57.634988+00
READ,2015-06-22 16:31:24.946818+00
EDIT,2015-06-25 12:33:47.406053+00
ADMIN,2015-07-02 13:03:48.546075+00
EDIT,2015-07-02 13:04:01.74233+00
ADMIN,2015-07-02 20:35:42.197293+00
EDIT,2015-07-02 20:35:51.335343+00
READ,2015-07-03 23:48:17.797067+00
ADMIN,2015-07-07 12:43:48.779423+00
EDIT,2015-07-07 12:44:01.14121+00
READ,2015-07-08 18:51:18.808835+00
EDIT,2015-07-08 19:26:05.789342+00
EDIT,2015-07-08 19:26:28.68761+00
EDIT,2015-07-14 21:31:21.069125+00
READ,2015-07-15 08:06:47.981889+00
READ,2015-07-15 13:47:05.657958+00
READ,2015-07-15 13:47:05.661507+00
ADMIN,2015-07-16 18:56:43.839209+00
EDIT,2015-07-16 18:56:56.85749+00
ADMIN,2015-07-20 21:22:35.555515+00
EDIT,2015-07-20 21:22:42.790179+00
ADMIN,2015-07-21 15:15:20.920589+00
EDIT,2015-07-21 15:15:31.037055+00
ADMIN,2015-07-23 17:56:06.156572+00
EDIT,2015-07-23 17:56:22.512137+00
ADMIN,2015-07-27 20:06:16.224531+00
EDIT,2015-07-27 20:06:34.111314+00
ADMIN,2015-07-28 18:19:12.767037+00
EDIT,2015-07-28 18:19:23.567973+00
ADMIN,2015-07-29 18:21:45.917615+00
EDIT,2015-07-29 18:21:57.301591+00
ADMIN,2015-07-31 21:18:08.924119+00
EDIT,2015-07-31 21:18:55.671434+00
EDIT,2015-08-04 19:20:45.504846+00
ADMIN,2015-08-05 12:18:22.284553+00
EDIT,2015-08-05 12:18:47.596304+00
ADMIN,2015-08-06 21:14:26.059448+00
EDIT,2015-08-06 21:14:35.784807+00
ADMIN,2015-08-10 14:55:16.990032+00
EDIT,2015-08-10 15:00:15.147549+00
ADMIN,2015-08-12 18:38:13.192873+00
EDIT,2015-08-12 18:42:50.480718+00
EDIT,2015-08-14 00:17:28.74535+00
READ,2015-08-14 03:12:03.059529+00
ADMIN,2015-08-17 21:06:40.477969+00
EDIT,2015-08-17 21:09:54.118441+00
EDIT,2015-08-21 18:06:49.954231+00
ADMIN,2015-08-21 20:26:09.504509+00
EDIT,2015-08-21 20:27:13.237283+00
READ,2015-08-25 18:55:51.103256+00
READ,2015-08-25 18:55:51.103282+00
EDIT,2015-08-28 15:04:27.054062+00
ADMIN,2015-08-31 15:30:13.648762+00
EDIT,2015-08-31 15:31:12.896926+00
READ,2015-08-31 15:46:31.189539+00
READ,2015-09-02 13:26:01.779926+00
EDIT,2015-09-03 16:25:38.611212+00
READ,2015-09-08 23:40:59.577212+00
READ,2015-09-17 15:07:20.42139+00
READ,2015-09-17 18:45:26.19595+00
READ,2015-09-17 18:45:26.196338+00
EDIT,2015-09-21 17:20:17.647208+00
READ,2015-09-21 21:40:18.658796+00
EDIT,2015-09-25 19:18:30.245622+00
EDIT,2015-09-25 19:24:47.486251+00
EDIT,2015-09-25 19:25:11.057314+00
READ,2015-09-25 20:27:18.34919+00
READ,2015-09-25 20:27:18.624294+00
READ,2015-09-26 22:16:40.790939+00
READ,2015-09-26 22:16:40.795022+00
READ,2015-09-28 14:11:27.46017+00
ADMIN,2015-09-28 16:25:01.794871+00
EDIT,2015-09-28 16:25:27.995566+00
READ,2015-09-28 22:08:58.732832+00
ADMIN,2015-09-29 16:05:39.760841+00
EDIT,2015-09-29 16:05:51.568938+00
ADMIN,2015-09-30 15:55:11.90391+00
EDIT,2015-09-30 15:56:55.65767+00
ADMIN,2015-10-05 12:58:04.194384+00
EDIT,2015-10-05 12:58:36.879383+00
EDIT,2015-10-05 19:35:22.321316+00
ADMIN,2015-10-05 19:35:59.153778+00
EDIT,2015-10-05 19:36:13.777354+00
ADMIN,2015-10-05 21:38:35.295094+00
EDIT,2015-10-05 21:38:49.916859+00
READ,2015-10-06 02:21:03.483697+00
READ,2015-10-06 19:40:42.679899+00
EDIT,2015-10-13 18:59:44.110895+00
ADMIN,2015-10-13 19:00:01.6811+00
ADMIN,2015-10-13 19:03:29.726415+00
EDIT,2015-10-13 19:03:50.645299+00
EDIT,2015-10-13 19:05:10.727498+00
ADMIN,2015-10-13 19:13:51.067402+00
EDIT,2015-10-13 19:14:01.331734+00
EDIT,2015-10-13 20:00:38.315444+00
ADMIN,2015-10-13 20:03:04.734366+00
EDIT,2015-10-13 20:03:19.914931+00
READ,2015-10-14 15:46:03.346176+00
ADMIN,2015-10-14 16:26:33.921508+00
EDIT,2015-10-14 16:26:46.996365+00
EDIT,2015-10-16 16:09:30.101805+00
EDIT,2015-10-19 19:53:20.755107+00
ADMIN,2015-10-19 20:05:15.575282+00
READ,2015-10-19 22:05:38.137002+00
READ,2015-10-19 22:05:50.24271+00
ADMIN,2015-10-19 22:05:56.639909+00
EDIT,2015-10-19 22:06:10.465797+00
ADMIN,2015-10-19 22:08:04.675421+00
EDIT,2015-10-19 22:08:19.934251+00
READ,2015-10-20 00:22:18.474426+00
EDIT,2015-10-21 15:29:06.126408+00
READ,2015-10-21 16:44:24.527326+00
EDIT,2015-10-21 19:46:41.315155+00
EDIT,2015-10-21 21:08:35.596218+00
EDIT,2015-10-21 21:33:46.699362+00
ADMIN,2015-10-22 16:32:01.225151+00
EDIT,2015-10-22 16:32:26.814887+00
EDIT,2015-10-22 16:32:26.815107+00
EDIT,2015-10-22 20:54:25.088156+00
READ,2015-10-23 15:58:48.351647+00
ADMIN,2015-10-26 16:04:33.030406+00
EDIT,2015-10-26 16:04:59.464415+00
ADMIN,2015-10-26 16:05:48.869052+00
EDIT,2015-10-26 16:06:03.54714+00
READ,2015-10-26 18:19:34.042135+00
ADMIN,2015-10-27 22:53:38.675677+00
EDIT,2015-10-27 22:55:25.269894+00
ADMIN,2015-10-28 21:46:26.802599+00
EDIT,2015-10-28 21:47:15.396298+00
ADMIN,2015-10-29 14:37:14.063244+00
EDIT,2015-10-29 14:37:44.740551+00
ADMIN,2015-10-29 14:50:54.625034+00
EDIT,2015-10-29 14:54:58.89898+00
EDIT,2015-10-29 19:12:59.117323+00
EDIT,2015-10-29 19:15:47.204156+00
EDIT,2015-10-30 17:47:18.611011+00
EDIT,2015-11-02 19:49:06.028911+00
ADMIN,2015-11-02 19:51:07.924534+00
EDIT,2015-11-02 19:51:18.66857+00
ADMIN,2015-11-02 19:57:24.508655+00
EDIT,2015-11-02 19:57:35.298753+00
EDIT,2015-11-03 22:42:57.407719+00
EDIT,2015-11-03 22:42:57.411981+00
ADMIN,2015-11-04 22:26:34.584433+00
EDIT,2015-11-04 22:26:50.429562+00
ADMIN,2015-11-05 23:30:36.652164+00
EDIT,2015-11-05 23:30:49.247344+00
ADMIN,2015-11-05 23:41:26.169539+00
EDIT,2015-11-05 23:41:41.378674+00
ADMIN,2015-11-10 16:16:31.897168+00
EDIT,2015-11-10 16:16:43.280038+00
ADMIN,2015-11-12 16:13:01.059775+00
EDIT,2015-11-12 16:34:09.544193+00
ADMIN,2015-11-12 16:38:11.619426+00
EDIT,2015-11-12 16:38:23.930386+00
EDIT,2015-11-12 20:37:37.18937+00
EDIT,2015-11-13 16:13:50.46106+00
ADMIN,2015-11-16 16:41:32.989691+00
EDIT,2015-11-16 16:42:02.92857+00
ADMIN,2015-11-16 16:42:26.746261+00
EDIT,2015-11-16 16:42:51.000577+00
READ,2015-11-18 21:04:20.70151+00
READ,2015-11-19 02:46:16.377674+00
READ,2015-11-19 13:37:38.469569+00
ADMIN,2015-11-19 19:11:08.940525+00
EDIT,2015-11-19 19:11:20.570363+00
ADMIN,2015-11-24 17:43:41.310156+00
EDIT,2015-11-24 17:43:53.490291+00
EDIT,2015-11-30 20:12:17.447079+00
EDIT,2015-11-30 21:55:05.265554+00
ADMIN,2015-11-30 21:56:00.275678+00
EDIT,2015-11-30 21:56:23.95426+00
ADMIN,2015-12-01 00:44:09.521663+00
READ,2015-12-01 15:51:32.165153+00
READ,2015-12-02 17:57:49.576294+00
ADMIN,2015-12-02 18:14:13.381536+00
EDIT,2015-12-02 18:14:42.267437+00
ADMIN,2015-12-02 18:15:23.624491+00
EDIT,2015-12-02 18:15:43.436774+00
ADMIN,2015-12-07 20:48:17.110197+00
EDIT,2015-12-07 20:48:57.934169+00
ADMIN,2015-12-08 20:36:57.529468+00
EDIT,2015-12-08 20:37:22.717749+00
ADMIN,2015-12-08 21:11:33.192914+00
EDIT,2015-12-08 21:12:39.120727+00
ADMIN,2015-12-09 17:00:43.383246+00
EDIT,2015-12-09 17:01:19.01569+00
EDIT,2015-12-10 16:44:25.4581+00
READ,2015-12-10 19:17:01.716006+00
EDIT,2015-12-10 20:37:36.469485+00
ADMIN,2015-12-11 20:12:53.927725+00
ADMIN,2015-12-11 20:12:53.932337+00
EDIT,2015-12-11 20:13:32.563063+00
EDIT,2015-12-11 20:14:00.218385+00
EDIT,2015-12-11 21:53:56.044659+00
READ,2015-12-15 08:13:30.042427+00
ADMIN,2015-12-16 17:34:16.89593+00
EDIT,2015-12-16 17:35:20.087072+00
EDIT,2015-12-16 17:35:47.099313+00
ADMIN,2015-12-16 18:29:53.438652+00
EDIT,2015-12-16 18:30:08.497198+00
EDIT,2015-12-18 22:19:27.950201+00
READ,2015-12-21 16:23:06.933793+00
ADMIN,2015-12-21 18:46:31.183092+00
EDIT,2015-12-21 18:46:55.017104+00
ADMIN,2015-12-21 19:39:46.337602+00
EDIT,2015-12-21 19:40:11.702407+00
ADMIN,2016-01-04 18:00:12.582322+00
EDIT,2016-01-04 18:00:22.012163+00
EDIT,2016-01-06 19:34:00.261401+00
ADMIN,2016-01-06 20:10:46.873758+00
EDIT,2016-01-06 20:11:02.691438+00
ADMIN,2016-01-12 21:15:53.154931+00
EDIT,2016-01-12 21:16:10.260564+00
EDIT,2016-01-12 21:36:59.449554+00
READ,2016-01-13 17:31:28.287714+00
ADMIN,2016-01-13 20:43:04.348564+00
EDIT,2016-01-13 20:43:12.062483+00
READ,2016-01-14 17:16:21.215073+00
READ,2016-01-14 21:52:35.071218+00
EDIT,2016-01-14 22:35:59.038045+00
EDIT,2016-01-14 22:37:29.522042+00
READ,2016-01-15 20:54:44.45094+00
EDIT,2016-01-15 23:19:47.319629+00
EDIT,2016-01-15 23:19:47.324394+00
EDIT,2016-01-19 14:20:21.219657+00
ADMIN,2016-01-19 18:23:43.342244+00
EDIT,2016-01-19 18:24:00.81979+00
EDIT,2016-01-19 18:25:51.631309+00
EDIT,2016-01-19 22:06:21.242448+00
EDIT,2016-01-21 21:11:43.325944+00
ADMIN,2016-01-21 21:25:13.008496+00
EDIT,2016-01-21 21:25:26.282924+00
ADMIN,2016-01-21 23:01:34.277059+00
EDIT,2016-01-21 23:01:52.088229+00
EDIT,2016-01-22 21:43:18.023432+00
EDIT,2016-01-22 21:43:57.304002+00
ADMIN,2016-01-26 21:50:03.753004+00
EDIT,2016-01-26 21:50:16.974223+00
ADMIN,2016-01-27 19:07:41.558164+00
EDIT,2016-01-27 19:08:01.395056+00
ADMIN,2016-01-28 14:57:38.214632+00
EDIT,2016-01-28 14:57:53.60059+00
READ,2016-01-28 16:11:05.741729+00
ADMIN,2016-01-28 22:22:53.977111+00
EDIT,2016-01-28 22:23:11.44689+00
READ,2016-01-29 12:55:02.070443+00
READ,2016-01-29 16:39:02.981925+00
READ,2016-01-29 23:22:04.826292+00
READ,2016-01-31 19:54:12.074094+00
READ,2016-02-01 20:12:51.68284+00
EDIT,2016-02-02 16:53:36.686459+00
READ,2016-02-03 16:20:38.161899+00
EDIT,2016-02-03 16:20:42.995921+00
EDIT,2016-02-04 18:10:50.834983+00
ADMIN,2016-02-04 18:25:06.99995+00
EDIT,2016-02-04 18:25:23.567516+00
EDIT,2016-02-04 21:39:57.792739+00
ADMIN,2016-02-04 22:03:38.597579+00
EDIT,2016-02-04 22:04:07.871129+00
ADMIN,2016-02-04 22:05:50.228985+00
EDIT,2016-02-04 22:06:08.45017+00
READ,2016-02-08 15:47:46.120853+00
ADMIN,2016-02-08 17:25:06.623472+00
EDIT,2016-02-08 17:25:19.749986+00
ADMIN,2016-02-09 17:44:13.792307+00
EDIT,2016-02-09 17:44:25.932438+00
ADMIN,2016-02-09 17:44:45.8322+00
EDIT,2016-02-09 17:44:59.538861+00
EDIT,2016-02-10 21:41:03.027711+00
EDIT,2016-02-10 21:45:44.464675+00
READ,2016-02-10 21:50:47.584304+00
READ,2016-02-10 21:50:47.586174+00
READ,2016-02-11 00:49:09.865812+00
READ,2016-02-11 15:50:20.767603+00
EDIT,2016-02-11 17:22:05.33831+00
ADMIN,2016-02-11 17:36:50.62545+00
EDIT,2016-02-11 17:37:02.194011+00
EDIT,2016-02-11 19:07:12.298959+00
ADMIN,2016-02-11 19:09:03.05709+00
EDIT,2016-02-11 19:09:31.900989+00
EDIT,2016-02-12 18:52:34.296454+00
READ,2016-02-13 15:49:32.371771+00
ADMIN,2016-02-17 19:00:18.339848+00
EDIT,2016-02-17 19:00:34.424346+00
READ,2016-02-17 19:05:46.751485+00
EDIT,2016-02-19 16:32:49.854934+00
READ,2016-02-19 20:10:58.751539+00
EDIT,2016-02-22 16:27:00.167039+00
READ,2016-02-22 19:12:51.432991+00
EDIT,2016-02-22 20:52:52.128478+00
READ,2016-02-22 21:09:32.799829+00
READ,2016-02-22 23:05:12.161636+00
READ,2016-02-23 09:56:11.085699+00
READ,2016-02-23 23:12:51.19141+00
READ,2016-02-24 19:14:43.24891+00
EDIT,2016-02-24 21:04:07.50465+00
ADMIN,2016-02-24 21:05:04.189709+00
EDIT,2016-02-24 21:05:32.038879+00
READ,2016-02-24 21:59:16.243858+00
READ,2016-02-25 05:32:06.909078+00
ADMIN,2016-02-25 22:42:39.382099+00
EDIT,2016-02-25 22:42:57.135483+00
EDIT,2016-02-26 20:53:41.592928+00
READ,2016-02-29 16:00:12.37707+00
ADMIN,2016-02-29 22:37:29.680327+00
EDIT,2016-02-29 22:37:47.6125+00
EDIT,2016-03-01 20:06:21.293495+00
EDIT,2016-03-03 22:26:06.267693+00
READ,2016-03-04 14:31:38.220615+00
ADMIN,2016-03-04 21:17:19.306948+00
EDIT,2016-03-04 21:17:44.377238+00
EDIT,2016-03-08 14:11:32.396535+00
ADMIN,2016-03-08 18:48:03.092076+00
EDIT,2016-03-08 18:48:15.520037+00
ADMIN,2016-03-08 18:48:47.993662+00
EDIT,2016-03-08 18:49:16.512128+00
READ,2016-03-10 16:42:55.328883+00
ADMIN,2016-03-10 22:45:14.146112+00
EDIT,2016-03-10 22:47:54.987835+00
ADMIN,2016-03-14 14:42:25.108761+00
EDIT,2016-03-14 14:42:40.326388+00
ADMIN,2016-03-14 15:31:38.006892+00
EDIT,2016-03-14 15:34:20.010263+00
READ,2016-03-15 13:15:24.120159+00
READ,2016-03-15 13:48:38.141059+00
ADMIN,2016-03-15 17:22:46.208647+00
EDIT,2016-03-15 17:22:59.697152+00
EDIT,2016-03-16 20:42:57.671695+00
EDIT,2016-03-17 15:30:17.743213+00
READ,2016-03-18 15:01:38.732335+00
EDIT,2016-03-22 20:37:40.411487+00
ADMIN,2016-03-22 20:39:21.358042+00
EDIT,2016-03-22 20:39:56.897316+00
ADMIN,2016-03-24 15:41:11.831553+00
EDIT,2016-03-24 15:41:26.170414+00
READ,2016-03-24 16:41:02.286671+00
EDIT,2016-03-25 15:43:13.556273+00
ADMIN,2016-03-25 15:48:20.822857+00
EDIT,2016-03-25 15:48:37.632256+00
EDIT,2016-03-28 20:09:25.336999+00
ADMIN,2016-03-29 16:28:24.2013+00
EDIT,2016-03-29 16:28:42.284948+00
ADMIN,2016-03-31 17:01:15.580364+00
EDIT,2016-03-31 17:01:29.8106+00
ADMIN,2016-03-31 17:06:58.014522+00
EDIT,2016-03-31 17:09:28.787698+00
ADMIN,2016-03-31 17:11:31.745401+00
EDIT,2016-03-31 17:11:48.186425+00
ADMIN,2016-03-31 20:20:10.027966+00
EDIT,2016-03-31 20:20:20.895938+00
ADMIN,2016-04-01 15:58:11.18205+00
EDIT,2016-04-01 15:58:30.279419+00
ADMIN,2016-04-04 17:51:55.500917+00
EDIT,2016-04-04 17:52:15.274042+00
ADMIN,2016-04-04 22:18:38.739389+00
EDIT,2016-04-04 22:18:59.510185+00
EDIT,2016-04-05 15:25:07.152194+00
EDIT,2016-04-05 20:23:15.015278+00
READ,2016-04-06 01:26:15.833981+00
READ,2016-04-06 01:26:15.834491+00
ADMIN,2016-04-06 17:10:05.203773+00
EDIT,2016-04-06 17:10:18.247544+00
ADMIN,2016-04-06 17:15:34.412597+00
EDIT,2016-04-06 17:15:54.03756+00
ADMIN,2016-04-06 17:17:46.067152+00
EDIT,2016-04-06 17:18:01.6523+00
READ,2016-04-07 08:47:41.531606+00
ADMIN,2016-04-08 18:24:25.100283+00
EDIT,2016-04-08 18:24:39.849222+00
ADMIN,2016-04-08 18:28:25.035989+00
EDIT,2016-04-08 18:31:53.056056+00
ADMIN,2016-04-08 18:32:25.865777+00
EDIT,2016-04-08 18:32:41.114549+00
EDIT,2016-04-12 15:24:02.435364+00
ADMIN,2016-04-12 15:39:20.372008+00
EDIT,2016-04-12 15:39:34.679095+00
ADMIN,2016-04-14 12:46:42.059172+00
EDIT,2016-04-14 12:46:59.210027+00
READ,2016-04-15 15:13:23.072026+00
READ,2016-04-15 17:01:52.450389+00
EDIT,2016-04-18 15:18:26.809044+00
ADMIN,2016-04-18 17:57:53.226596+00
EDIT,2016-04-18 17:58:12.601052+00
ADMIN,2016-04-18 17:58:43.907683+00
EDIT,2016-04-18 18:10:41.652356+00
EDIT,2016-04-18 18:31:30.735945+00
ADMIN,2016-04-26 16:00:47.768944+00
EDIT,2016-04-26 16:00:57.179587+00
EDIT,2016-05-04 19:19:52.527657+00
EDIT,2016-05-04 19:20:25.195782+00
ADMIN,2016-05-04 19:24:11.146419+00
EDIT,2016-05-04 19:24:31.595562+00
EDIT,2016-05-04 20:26:18.415518+00
ADMIN,2016-05-05 19:52:14.183027+00
EDIT,2016-05-05 19:52:28.038931+00
ADMIN,2016-05-10 12:43:48.597324+00
EDIT,2016-05-10 12:44:27.598281+00
ADMIN,2016-05-10 14:44:36.966674+00
EDIT,2016-05-10 14:44:48.104079+00
READ,2016-05-12 13:38:26.595892+00
ADMIN,2016-05-12 15:50:16.467183+00
EDIT,2016-05-12 15:50:33.757579+00
EDIT,2016-05-12 17:13:23.219093+00
EDIT,2016-05-12 20:21:22.167226+00
EDIT,2016-05-12 20:21:22.171507+00
EDIT,2016-05-12 20:21:22.172554+00
EDIT,2016-05-12 20:21:22.173746+00
EDIT,2016-05-12 20:21:22.174807+00
EDIT,2016-05-13 18:25:58.074946+00
EDIT,2016-05-13 18:27:05.785935+00
READ,2016-05-13 18:30:28.610748+00
ADMIN,2016-05-17 15:57:59.94648+00
EDIT,2016-05-17 15:58:13.559847+00
EDIT,2016-05-17 15:58:49.68432+00
EDIT,2016-05-18 15:47:15.127949+00
EDIT,2016-05-19 16:31:51.962304+00
ADMIN,2016-05-19 19:03:41.424033+00
ADMIN,2016-05-19 20:23:07.748303+00
EDIT,2016-05-19 20:23:22.289511+00
ADMIN,2016-05-20 15:34:44.561501+00
EDIT,2016-05-20 15:35:00.706388+00
READ,2016-05-20 18:07:56.151954+00
ADMIN,2016-05-20 19:55:08.406685+00
EDIT,2016-05-20 19:56:11.906355+00
READ,2016-05-21 04:20:59.783401+00
READ,2016-05-23 03:39:27.664723+00
ADMIN,2016-05-23 16:07:08.93137+00
EDIT,2016-05-23 16:07:23.370845+00
EDIT,2016-05-23 16:09:39.124192+00
ADMIN,2016-05-23 17:26:36.329574+00
EDIT,2016-05-23 17:26:56.455992+00
ADMIN,2016-05-23 20:57:54.558257+00
EDIT,2016-05-23 20:58:11.145318+00
ADMIN,2016-05-23 20:59:27.190856+00
EDIT,2016-05-23 20:59:44.030364+00
READ,2016-05-24 11:51:47.044084+00
READ,2016-05-24 16:15:29.020445+00
READ,2016-05-24 16:19:05.220018+00
ADMIN,2016-05-25 12:53:23.841974+00
EDIT,2016-05-25 12:54:48.000052+00
ADMIN,2016-05-25 12:55:43.830603+00
EDIT,2016-05-25 12:55:59.812066+00
ADMIN,2016-05-26 15:08:42.594623+00
EDIT,2016-05-26 16:20:41.483326+00
EDIT,2016-05-26 16:22:01.316278+00
READ,2016-05-26 17:46:09.555236+00
READ,2016-05-26 21:27:47.844289+00
EDIT,2016-05-27 14:27:20.657111+00
READ,2016-05-28 18:22:35.32958+00
ADMIN,2016-05-31 13:29:25.080156+00
EDIT,2016-05-31 13:30:14.424396+00
READ,2016-05-31 13:35:14.461951+00
READ,2016-06-01 15:56:26.494133+00
READ,2016-06-01 15:57:14.849376+00
ADMIN,2016-06-01 19:27:09.604893+00
EDIT,2016-06-01 19:27:18.187249+00
EDIT,2016-06-01 19:28:21.40837+00
READ,2016-06-02 14:40:09.859812+00
EDIT,2016-06-02 15:30:59.04201+00
READ,2016-06-02 18:40:45.867302+00
READ,2016-06-03 04:46:01.315395+00
READ,2016-06-03 08:56:15.946404+00
ADMIN,2016-06-03 17:18:13.302201+00
EDIT,2016-06-03 17:18:33.61816+00
ADMIN,2016-06-03 17:25:08.096787+00
EDIT,2016-06-03 17:25:25.519143+00
ADMIN,2016-06-03 18:32:48.236173+00
EDIT,2016-06-03 18:33:11.223552+00
EDIT,2016-06-08 21:32:48.659119+00
ADMIN,2016-06-08 21:35:28.590988+00
EDIT,2016-06-08 21:35:43.602771+00
ADMIN,2016-06-10 18:32:50.719237+00
EDIT,2016-06-10 18:33:40.134528+00
READ,2016-06-13 10:58:27.887327+00
ADMIN,2016-06-14 20:58:12.701795+00
READ,2016-06-15 02:30:16.047264+00
ADMIN,2016-06-15 20:47:05.644572+00
READ,2016-06-16 07:17:09.700502+00
READ,2016-06-17 06:13:34.539045+00
EDIT,2016-06-20 15:41:55.112301+00
EDIT,2016-06-20 15:43:09.834162+00
ADMIN,2016-06-20 15:48:57.872617+00
EDIT,2016-06-21 18:58:47.00979+00
EDIT,2016-06-21 19:58:33.126391+00
ADMIN,2016-06-22 15:56:35.054332+00
EDIT,2016-06-22 15:57:58.622173+00
EDIT,2016-06-22 17:45:29.669724+00
ADMIN,2016-06-23 16:15:32.416738+00
EDIT,2016-06-23 16:15:55.156043+00
ADMIN,2016-06-23 16:19:35.066404+00
EDIT,2016-06-23 16:20:16.191703+00
EDIT,2016-06-23 17:19:04.896236+00
EDIT,2016-06-23 19:03:26.598146+00
READ,2016-06-27 13:21:44.276232+00
EDIT,2016-06-28 15:20:05.758497+00
READ,2016-06-28 19:06:15.356759+00
EDIT,2016-06-28 19:30:36.050564+00
READ,2016-06-29 09:06:26.93566+00
READ,2016-06-29 20:18:41.752486+00
READ,2016-06-29 20:18:59.497447+00
READ,2016-06-29 20:19:11.343966+00
READ,2016-06-30 09:24:22.61491+00
EDIT,2016-06-30 16:12:39.81756+00
ADMIN,2016-06-30 16:32:47.396852+00
EDIT,2016-06-30 16:33:16.77609+00
ADMIN,2016-06-30 20:45:28.779595+00
EDIT,2016-06-30 20:45:52.31425+00
READ,2016-07-01 13:37:00.527404+00
ADMIN,2016-07-01 14:22:21.742669+00
EDIT,2016-07-01 14:24:39.506137+00
ADMIN,2016-07-01 19:02:07.730973+00
EDIT,2016-07-01 19:02:57.726461+00
READ,2016-07-05 14:51:09.481226+00
EDIT,2016-07-05 18:59:27.495421+00
EDIT,2016-07-06 16:27:11.406155+00
ADMIN,2016-07-06 16:46:11.49191+00
EDIT,2016-07-06 16:48:59.285393+00
EDIT,2016-07-07 14:29:20.647798+00
EDIT,2016-07-07 14:31:40.336075+00
ADMIN,2016-07-07 14:33:49.588768+00
EDIT,2016-07-07 14:35:10.862414+00
ADMIN,2016-07-07 14:38:29.307839+00
EDIT,2016-07-07 14:39:23.319236+00
ADMIN,2016-07-07 17:34:12.984958+00
EDIT,2016-07-07 17:34:37.618028+00
EDIT,2016-07-07 20:14:50.016922+00
READ,2016-07-08 09:02:52.861337+00
READ,2016-07-11 14:17:43.250298+00
ADMIN,2016-07-11 16:13:13.243104+00
EDIT,2016-07-11 16:13:27.814258+00
EDIT,2016-07-12 16:58:42.811147+00
ADMIN,2016-07-12 18:44:46.042321+00
EDIT,2016-07-12 18:46:21.052602+00
ADMIN,2016-07-14 15:48:57.73714+00
EDIT,2016-07-14 15:52:21.577613+00
ADMIN,2016-07-14 19:32:12.599523+00
EDIT,2016-07-14 19:35:06.484566+00
EDIT,2016-07-15 13:08:17.398473+00
READ,2016-07-19 21:53:02.39172+00
READ,2016-07-19 21:53:02.392215+00
EDIT,2016-07-20 21:21:26.171045+00
READ,2016-07-20 23:06:03.574004+00
EDIT,2016-07-22 19:00:16.943889+00
ADMIN,2016-07-22 19:05:26.231971+00
EDIT,2016-07-22 19:05:57.550361+00
EDIT,2016-07-22 19:13:20.458568+00
EDIT,2016-07-25 16:05:04.180178+00
ADMIN,2016-07-25 16:43:29.332791+00
EDIT,2016-07-25 16:44:57.240499+00
ADMIN,2016-07-25 21:15:44.328538+00
EDIT,2016-07-25 21:17:15.50409+00
EDIT,2016-07-26 18:29:54.277886+00
EDIT,2016-07-27 16:03:44.047925+00
READ,2016-07-28 13:51:46.977059+00
EDIT,2016-07-29 16:57:05.079986+00
ADMIN,2016-07-29 20:09:44.690388+00
EDIT,2016-07-29 20:12:02.752824+00
ADMIN,2016-08-02 16:14:24.347091+00
EDIT,2016-08-02 16:14:54.779968+00
ADMIN,2016-08-02 19:51:15.186431+00
EDIT,2016-08-02 19:51:32.184964+00
ADMIN,2016-08-03 14:16:57.444032+00
EDIT,2016-08-03 14:18:13.839809+00
EDIT,2016-08-03 14:27:23.950905+00
EDIT,2016-08-03 17:39:13.714366+00
ADMIN,2016-08-04 15:29:30.797603+00
EDIT,2016-08-04 15:30:47.964603+00
READ,2016-08-08 02:44:21.627066+00
EDIT,2016-08-08 16:26:57.706733+00
EDIT,2016-08-09 15:09:13.083906+00
EDIT,2016-08-09 17:36:07.977884+00
EDIT,2016-08-10 16:19:54.203604+00
ADMIN,2016-08-10 19:04:55.022284+00
EDIT,2016-08-10 19:06:14.358011+00
READ,2016-08-10 19:38:46.193334+00
ADMIN,2016-08-10 20:29:40.545866+00
READ,2016-08-11 09:26:53.73025+00
ADMIN,2016-08-11 19:47:22.700235+00
EDIT,2016-08-11 19:48:33.716417+00
ADMIN,2016-08-12 13:03:26.974264+00
EDIT,2016-08-12 13:06:08.113481+00
EDIT,2016-08-15 16:13:12.415509+00
EDIT,2016-08-16 15:16:35.291593+00
READ,2016-08-18 18:02:16.905448+00
READ,2016-08-20 11:45:25.986204+00
READ,2016-08-22 12:13:06.187869+00
EDIT,2016-08-22 15:05:58.943184+00
READ,2016-08-24 21:57:34.968168+00
READ,2016-08-24 21:57:34.980548+00
READ,2016-08-24 21:57:34.98061+00
EDIT,2016-08-25 15:51:44.033795+00
READ,2016-08-31 18:43:28.828874+00
EDIT,2016-08-31 20:27:53.174184+00
ADMIN,2016-08-31 20:35:58.750015+00
EDIT,2016-08-31 20:37:42.371259+00
READ,2016-09-01 14:23:04.228354+00
READ,2016-09-01 16:30:08.521102+00
READ,2016-09-05 20:29:51.918036+00
READ,2016-09-07 20:48:12.493975+00
EDIT,2016-09-08 14:29:10.526289+00
EDIT,2016-09-08 14:31:30.697194+00
ADMIN,2016-09-08 14:37:38.378059+00
EDIT,2016-09-08 14:37:57.713763+00
EDIT,2016-09-08 18:06:56.462411+00
ADMIN,2016-09-09 19:35:26.423529+00
EDIT,2016-09-09 19:35:53.847+00
READ,2016-09-13 17:14:51.289039+00
EDIT,2016-09-14 15:10:21.064385+00
READ,2016-09-14 15:24:14.385519+00
ADMIN,2016-09-14 15:55:02.693775+00
EDIT,2016-09-14 15:55:16.380788+00
READ,2016-09-15 14:33:52.312907+00
READ,2016-09-16 20:50:24.080609+00
EDIT,2016-09-16 22:09:26.806392+00
READ,2016-09-19 21:42:30.105395+00
READ,2016-09-20 19:38:44.228272+00
ADMIN,2016-09-20 20:18:09.435864+00
EDIT,2016-09-20 20:18:24.715086+00
ADMIN,2016-09-21 15:02:41.218464+00
EDIT,2016-09-21 15:02:53.71779+00
READ,2016-09-21 20:44:53.464068+00
READ,2016-09-22 17:47:00.00902+00
EDIT,2016-09-22 18:09:32.383924+00
READ,2016-09-24 11:26:48.436028+00
READ,2016-09-25 08:39:45.868335+00
ADMIN,2016-09-26 20:40:27.815262+00
EDIT,2016-09-26 20:40:47.038905+00
READ,2016-09-26 23:36:06.717694+00
ADMIN,2016-09-27 18:47:28.162927+00
EDIT,2016-09-27 18:47:39.469286+00
ADMIN,2016-09-29 15:26:10.408533+00
READ,2016-09-30 12:06:44.562961+00
ADMIN,2016-10-03 17:53:37.970869+00
EDIT,2016-10-03 17:55:50.983597+00
READ,2016-10-05 00:55:18.664344+00
EDIT,2016-10-05 20:06:46.777324+00
EDIT,2016-10-06 15:25:47.925024+00
ADMIN,2016-10-06 16:28:28.398612+00
EDIT,2016-10-06 16:31:11.017693+00
READ,2016-10-06 22:28:41.804498+00
EDIT,2016-10-10 15:29:58.883051+00
ADMIN,2016-10-10 15:43:23.11542+00
EDIT,2016-10-10 15:43:36.584021+00
ADMIN,2016-10-10 16:37:43.352351+00
EDIT,2016-10-10 16:37:58.595954+00
ADMIN,2016-10-11 15:42:05.85773+00
EDIT,2016-10-11 15:42:15.861426+00
ADMIN,2016-10-13 22:43:47.856504+00
EDIT,2016-10-13 22:44:03.181744+00
ADMIN,2016-10-13 22:51:59.815256+00
EDIT,2016-10-13 22:52:14.396178+00
EDIT,2016-10-14 17:59:01.86979+00
READ,2016-10-18 03:15:19.719775+00
EDIT,2016-10-18 15:17:42.237223+00
ADMIN,2016-10-18 15:22:11.952922+00
EDIT,2016-10-18 15:22:27.958016+00
EDIT,2016-10-18 15:29:49.827976+00
ADMIN,2016-10-18 15:34:37.030376+00
EDIT,2016-10-18 15:34:53.079529+00
EDIT,2016-10-19 20:50:57.55058+00
EDIT,2016-10-20 14:25:42.594547+00
ADMIN,2016-10-20 14:29:50.140944+00
EDIT,2016-10-20 14:29:59.679333+00
READ,2016-10-21 14:04:59.376721+00
READ,2016-10-22 00:51:05.949841+00
READ,2016-10-22 20:25:06.105805+00
READ,2016-10-23 23:39:17.633432+00
READ,2016-10-26 16:48:09.736309+00
ADMIN,2016-10-26 18:09:52.847397+00
EDIT,2016-10-26 18:17:29.056142+00
EDIT,2016-10-27 16:03:11.196829+00
EDIT,2016-10-27 17:32:38.888751+00
EDIT,2016-10-27 18:55:51.309893+00
EDIT,2016-10-28 16:09:12.139795+00
ADMIN,2016-11-03 15:55:39.669154+00
EDIT,2016-11-03 15:57:07.456262+00
ADMIN,2016-11-03 18:55:39.033355+00
EDIT,2016-11-03 18:57:38.554025+00
EDIT,2016-11-04 12:19:53.427265+00
READ,2016-11-06 19:18:39.4531+00
EDIT,2016-11-07 14:11:52.8455+00
READ,2016-11-08 02:35:54.712941+00
EDIT,2016-11-08 15:31:56.291253+00
EDIT,2016-11-08 15:43:24.359857+00
EDIT,2016-11-09 13:08:48.282638+00
EDIT,2016-11-09 13:24:12.258931+00
EDIT,2016-11-10 15:45:05.322735+00
EDIT,2016-11-11 16:18:02.676047+00
ADMIN,2016-11-11 16:22:19.018522+00
EDIT,2016-11-11 16:41:15.447538+00
ADMIN,2016-11-15 17:41:26.747432+00
EDIT,2016-11-15 17:42:17.713016+00
EDIT,2016-11-17 13:18:06.015843+00
ADMIN,2016-11-21 16:13:42.962404+00
EDIT,2016-11-21 16:15:58.987996+00
EDIT,2016-11-21 16:26:22.877753+00
EDIT,2016-11-22 17:41:21.345115+00
READ,2016-11-22 19:52:47.082259+00
ADMIN,2016-11-29 15:40:20.438545+00
EDIT,2016-11-29 15:41:21.280861+00
EDIT,2016-11-29 18:28:53.994484+00
READ,2016-11-29 18:39:54.007096+00
ADMIN,2016-11-30 14:30:39.757168+00
EDIT,2016-11-30 14:30:57.634973+00
ADMIN,2016-11-30 18:17:47.613316+00
EDIT,2016-11-30 18:18:09.677701+00
EDIT,2016-11-30 18:32:20.183565+00
EDIT,2016-12-01 15:33:46.075011+00
READ,2016-12-01 20:25:12.133458+00
READ,2016-12-02 14:59:23.453434+00
READ,2016-12-02 15:55:27.879331+00
READ,2016-12-04 14:23:23.528379+00
ADMIN,2016-12-05 14:14:41.850936+00
EDIT,2016-12-05 14:15:10.023871+00
READ,2016-12-05 20:56:05.977802+00
EDIT,2016-12-07 14:05:35.939552+00
EDIT,2016-12-07 17:29:46.664403+00
ADMIN,2016-12-07 17:37:23.301758+00
EDIT,2016-12-09 13:40:14.751114+00
ADMIN,2016-12-09 16:40:22.925878+00
EDIT,2016-12-09 16:40:51.369182+00
EDIT,2016-12-09 16:41:08.050523+00
READ,2016-12-12 12:51:20.308959+00
READ,2016-12-13 21:41:43.766181+00
READ,2016-12-13 22:36:20.627528+00
EDIT,2016-12-14 17:31:31.022682+00
ADMIN,2016-12-15 14:19:11.701007+00
EDIT,2016-12-15 14:19:39.629991+00
READ,2016-12-16 13:54:11.355283+00
READ,2016-12-16 15:16:24.523528+00
READ,2016-12-16 16:04:40.273905+00
EDIT,2016-12-19 21:09:12.04648+00
READ,2016-12-19 21:43:14.593079+00
EDIT,2016-12-22 19:35:18.572529+00
EDIT,2016-12-22 20:10:29.750194+00
READ,2016-12-27 13:22:10.051781+00
READ,2016-12-27 13:22:10.654863+00
READ,2017-01-04 08:48:41.91616+00
EDIT,2017-01-04 13:44:24.11195+00
EDIT,2017-01-04 14:01:49.798409+00
EDIT,2017-01-05 13:11:23.517262+00
ADMIN,2017-01-05 18:16:01.015541+00
EDIT,2017-01-05 18:16:27.478306+00
READ,2017-01-11 16:37:36.172188+00
ADMIN,2017-01-12 15:35:59.829774+00
EDIT,2017-01-12 15:36:48.803513+00
EDIT,2017-01-12 15:53:01.744953+00
READ,2017-01-12 19:15:18.490906+00
ADMIN,2017-01-13 13:24:54.371496+00
EDIT,2017-01-13 13:25:21.854237+00
READ,2017-01-17 15:37:43.494401+00
READ,2017-01-17 19:58:33.239596+00
READ,2017-01-19 08:46:35.970827+00
READ,2017-01-23 18:52:19.204936+00
EDIT,2017-01-24 14:30:59.356949+00
ADMIN,2017-01-25 13:09:45.239322+00
EDIT,2017-01-25 13:10:05.222433+00
EDIT,2017-01-27 15:35:50.581825+00
READ,2017-01-30 00:02:45.11603+00
READ,2017-01-31 16:35:47.785439+00
ADMIN,2017-01-31 18:28:24.460796+00
EDIT,2017-01-31 18:30:10.666112+00
EDIT,2017-01-31 18:59:39.479453+00
ADMIN,2017-02-01 13:15:33.616661+00
EDIT,2017-02-01 13:15:54.436201+00
READ,2017-02-01 20:20:06.176308+00
READ,2017-02-02 19:37:31.321972+00
EDIT,2017-02-02 21:01:32.671483+00
